{
  "results": {
    "tau": [
      0.1,
      0.2,
      0.3,
      0.4,
      0.5,
      0.55,
      0.6,
      0.65,
      0.7,
      0.75,
      0.8,
      0.85,
      0.9,
      0.92,
      0.95,
      0.97,
      0.99
    ],
    "mse": [
      0.28938092663884163,
      0.3173612728714943,
      0.2829444110393524,
      0.2773648165166378,
      0.25524887070059776,
      0.25402311608195305,
      0.2563462592661381,
      0.2519887648522854,
      0.25137583911418915,
      0.24859851971268654,
      0.2477422058582306,
      0.2492949441075325,
      0.24939487129449844,
      0.2489723041653633,
      0.2502869516611099,
      0.2552337273955345,
      0.2557222917675972
    ],
    "ssim": [
      0.09114482440054417,
      0.10687482170760632,
      0.07957554794847965,
      0.062427615746855736,
      0.062881950289011,
      0.05796646885573864,
      0.05570683162659407,
      0.05642446596175432,
      0.059328251518309116,
      0.05809837393462658,
      0.057996694929897785,
      0.057294201105833054,
      0.05480303801596165,
      0.05382592510432005,
      0.05295772757381201,
      0.052739291451871395,
      0.0513972332701087
    ],
    "iou": [
      0.46988487243652344,
      0.46988487243652344,
      0.46161166578531265,
      0.4327327609062195,
      0.4334847927093506,
      0.40144874155521393,
      0.3918623700737953,
      0.3828962743282318,
      0.39892299473285675,
      0.39115869998931885,
      0.3945944011211395,
      0.3876003324985504,
      0.3705703690648079,
      0.3480714187026024,
      0.34240932762622833,
      0.34737222641706467,
      0.33680281788110733
    ],
    "beta0_preservation": [
      0.09375,
      0.09375,
      0.09375,
      0.078125,
      0.078125,
      0.171875,
      0.171875,
      0.0,
      0.0,
      0.0,
      0.0,
      0.0,
      0.0,
      0.0,
      0.0,
      0.0,
      0.0
    ],
    "beta1_preservation": [
      0.171875,
      0.171875,
      0.0,
      0.0,
      0.0,
      0.0,
      0.0,
      0.0,
      0.0,
      0.0,
      0.0,
      0.0,
      0.0,
      0.0,
      0.0,
      0.0,
      0.0
    ],
    "effective_rank_avg": [
      1.2616532065651633,
      2.5233834114941684,
      5.515558741309426,
      11.637389183044434,
      22.74162075736306,
      30.665614474903453,
      40.11314075643366,
      51.15716916864569,
      64.15927245400168,
      78.89877284656872,
      95.86968083815141,
      114.89374715631658,
      136.54807532917368,
      145.9558804251931,
      161.19553999467328,
      172.10420764576304,
      183.78452110290527
    ],
    "trainable_pct": [
      0.008767990149573081,
      0.008733927454027977,
      0.008641832017924548,
      0.00835166831513292,
      0.007704477099775943,
      0.007242738337942311,
      0.006730536323449264,
      0.006172917381562746,
      0.005562312024383844,
      0.004901243414545528,
      0.004170787832300519,
      0.0033646373710663896,
      0.0024512524979310064,
      0.002047546476655699,
      0.0013826931228679276,
      0.0008868916654891908,
      0.0003254879796532165
    ],
    "compliance_error": [
      NaN,
      NaN,
      NaN,
      NaN,
      NaN,
      NaN,
      NaN,
      NaN,
      NaN,
      NaN,
      NaN,
      NaN,
      NaN,
      NaN,
      NaN,
      NaN,
      NaN
    ]
  }
}