{
  "Pretrain_vs_Pretrain": {
    "avg_cka": 1.0,
    "per_layer": {
      "e2": 1.0,
      "e3": 1.0,
      "e4": 1.0,
      "e5": 1.0,
      "d2": 1.0,
      "d3": 1.0,
      "d4": 1.0,
      "d5": 1.0
    }
  },
  "Pretrain_vs_FullFT": {
    "avg_cka": 0.5317448042333126,
    "per_layer": {
      "e2": 0.9792609214782715,
      "e3": 0.9315782785415649,
      "e4": 0.7943977117538452,
      "e5": 0.42265579104423523,
      "d2": 0.09019753336906433,
      "d3": 0.16182884573936462,
      "d4": 0.2455207109451294,
      "d5": 0.6285186409950256
    }
  },
  "Pretrain_vs_OSFT": {
    "avg_cka": 0.8950740098953247,
    "per_layer": {
      "e2": 0.999289870262146,
      "e3": 0.9957152009010315,
      "e4": 0.9862882494926453,
      "e5": 0.9846181273460388,
      "d2": 0.9401788115501404,
      "d3": 0.6451760530471802,
      "d4": 0.6676031351089478,
      "d5": 0.9417226314544678
    }
  },
  "Pretrain_vs_LoRA": {
    "avg_cka": 0.796893909573555,
    "per_layer": {
      "e2": 0.9996231198310852,
      "e3": 0.9984681606292725,
      "e4": 0.9843195080757141,
      "e5": 0.8405498266220093,
      "d2": 0.5364798307418823,
      "d3": 0.4181257486343384,
      "d4": 0.6315041780471802,
      "d5": 0.966080904006958
    }
  }
}