{
  "Extreme OSFT (all frozen)": {
    "mse": 0.30712306057965316,
    "mae": 0.3463458176012392,
    "psnr": 5.12749453764852,
    "ssim": 0.1302178430336493,
    "iou": 0.3816657198799981,
    "lpips": 1.7904860266932734,
    "vfae": 0.11966325397844668
  },
  "Standard OSFT": {
    "mse": 0.3018947817661144,
    "mae": 0.33866063753763836,
    "psnr": 5.2021530313073,
    "ssim": 0.18663206862078774,
    "iou": 0.3979719137703931,
    "lpips": 1.5886376787115026,
    "vfae": 0.10025611850950453
  },
  "d3-only OSFT": {
    "mse": 0.31867687348966245,
    "mae": 0.35596757133801776,
    "psnr": 4.9669705753532485,
    "ssim": 0.220327768612791,
    "iou": 0.3775131051187162,
    "lpips": 1.752272782502351,
    "vfae": 0.1033536637270892
  }
}