{
  "standard (w=1.0)": {
    "mse": 0.2164547860622406,
    "mae": 0.3927723479270935,
    "psnr": 6.649038015653477,
    "ssim": 0.058254891335964204,
    "iou": 0.35237122893333434,
    "lpips": 0.7807529520988464,
    "vfae": 0.14484931528568268,
    "trainable_pct": 2.948611156592364
  },
  "curriculum (w=0\u21921)": {
    "mse": 0.2736976742744446,
    "mae": 0.4231750333309174,
    "psnr": 5.62873265355844,
    "ssim": 0.0737155470252037,
    "iou": 0.2997141885757446,
    "lpips": 0.8414360952377319,
    "vfae": 0.1473485416173935,
    "trainable_pct": 2.948611156592364
  },
  "curriculum (w=0\u21921, fast)": {
    "mse": 0.25561525106430055,
    "mae": 0.4130304551124573,
    "psnr": 5.937032843171654,
    "ssim": 0.05868043377995491,
    "iou": 0.24209532856941224,
    "lpips": 0.6882036447525024,
    "vfae": 0.16989315450191497,
    "trainable_pct": 2.948611156592364
  }
}