{
  "Pre-trained": {
    "comp_fake": 749.579558870624,
    "comp_real": 6205972.789001486,
    "comp_err": 0.9998792160374596,
    "vf_fake": 0.5714157400610692,
    "vf_real": 0.39577616141955013,
    "vf_err": 0.5507370192383263
  },
  "Full FT": {
    "comp_fake": 2596.5894174658433,
    "comp_real": 6205972.789001486,
    "comp_err": 0.9995815977234047,
    "vf_fake": 0.3827333995417515,
    "vf_real": 0.39577616141955013,
    "vf_err": 0.29332269598074606
  },
  "OSFT": {
    "comp_fake": 1487.0131829667678,
    "comp_real": 6205972.789001486,
    "comp_err": 0.9997603895451035,
    "vf_fake": 0.35255025414795055,
    "vf_real": 0.39577616141955013,
    "vf_err": 0.3023006405677717
  }
}