{
  "baseline \u03c4=0.80": {
    "mse": 0.21659659385681151,
    "mae": 0.3929955315589905,
    "psnr": 6.648419365665218,
    "ssim": 0.059411606192588805,
    "iou": 0.38815457105636597,
    "lpips": 0.8054003763198853,
    "vfae": 0.15045906722545624,
    "beta0_preservation": 0.0,
    "beta1_preservation": 0.0,
    "trainable_params": 776801,
    "trainable_pct": 99.00485464734663
  },
  "uniform \u03c4=0.30": {
    "mse": 0.23112431943416595,
    "mae": 0.40084210157394407,
    "psnr": 6.369689170079991,
    "ssim": 0.04388979405164719,
    "iou": 0.19429827809333802,
    "lpips": 1.030155324935913,
    "vfae": 0.1627836710214615,
    "beta0_preservation": 0.0,
    "beta1_preservation": 0.0,
    "trainable_params": 833505,
    "trainable_pct": 99.07192685718633
  },
  "layered \u03c4 (enc=0.85, dec=0.30)": {
    "mse": 0.23002188682556152,
    "mae": 0.4003072571754456,
    "psnr": 6.386662975183328,
    "ssim": 0.04473618388175964,
    "iou": 0.23652958273887634,
    "lpips": 1.1077046489715576,
    "vfae": 0.1464475065469742,
    "beta0_preservation": 0.0,
    "beta1_preservation": 0.0,
    "trainable_params": 561857,
    "trainable_pct": 3.159862768563196
  }
}