{
  "baseline_OSFT": {
    "mse": 0.21582624435424805,
    "mae": 0.3924689269065857,
    "psnr": 6.661513410855754,
    "ssim": 0.05817918926477432,
    "iou": 0.3510181427001953,
    "lpips": 0.7843135142326355,
    "vfae": 0.1442801183462143
  },
  "projection_OSFT": {
    "mse": 0.23311999797821045,
    "mae": 0.40161427974700925,
    "psnr": 6.3283769046871114,
    "ssim": 0.05550055369734764,
    "iou": 0.35159363389015197,
    "lpips": 0.7010665774345398,
    "vfae": 0.1496780914068222
  }
}