{
  "G1_OSFT_all": {
    "mse": 0.24212482810020447,
    "mae": 0.40661144733428956,
    "psnr": 6.1631499712745335,
    "ssim": 0.05328826054930687,
    "iou": 0.3427235198020935,
    "lpips": 0.7089074993133545,
    "vfae": 0.14861962020397188,
    "frozen_layers": [
      "e1",
      "e2",
      "e3",
      "e4",
      "e5",
      "d1",
      "d2",
      "d3",
      "d4",
      "d5",
      "d6"
    ],
    "trainable_pct": 45.66408931074975,
    "thawed": []
  },
  "G2_freeze_d2": {
    "mse": 0.24079079747200013,
    "mae": 0.405768723487854,
    "psnr": 6.187429269706861,
    "ssim": 0.054003811478614806,
    "iou": 0.34535377264022826,
    "lpips": 0.7174001836776733,
    "vfae": 0.15019076883792878,
    "frozen_layers": [
      "e1",
      "e2",
      "e3",
      "e4",
      "e5",
      "d1",
      "d3",
      "d4",
      "d5",
      "d6"
    ],
    "trainable_pct": 2.044178113332832,
    "thawed": [
      "d2"
    ]
  },
  "G3_freeze_d3": {
    "mse": 0.2384293258190155,
    "mae": 0.40462536334991456,
    "psnr": 6.230037177783695,
    "ssim": 0.053913829922676085,
    "iou": 0.34445252537727356,
    "lpips": 0.6567246198654175,
    "vfae": 0.14839475452899933,
    "frozen_layers": [
      "e1",
      "e2",
      "e3",
      "e4",
      "e5",
      "d1",
      "d2",
      "d4",
      "d5",
      "d6"
    ],
    "trainable_pct": 7.907264629636716,
    "thawed": [
      "d3"
    ]
  },
  "G4_freeze_d4": {
    "mse": 0.23985355138778686,
    "mae": 0.40510144233703616,
    "psnr": 6.202634992165314,
    "ssim": 0.05216375172138214,
    "iou": 0.3283673191070557,
    "lpips": 0.7473669719696044,
    "vfae": 0.1441263025999069,
    "frozen_layers": [
      "e1",
      "e2",
      "e3",
      "e4",
      "e5",
      "d1",
      "d2",
      "d3",
      "d5",
      "d6"
    ],
    "trainable_pct": 21.275905736044503,
    "thawed": [
      "d4"
    ]
  },
  "G5_freeze_d2d3": {
    "mse": 0.23103487253189087,
    "mae": 0.4005715072154999,
    "psnr": 6.3666840750808396,
    "ssim": 0.05507833778858185,
    "iou": 0.34913527011871337,
    "lpips": 0.7480897092819214,
    "vfae": 0.14715650260448457,
    "frozen_layers": [
      "e1",
      "e2",
      "e3",
      "e4",
      "e5",
      "d1",
      "d4",
      "d5",
      "d6"
    ],
    "trainable_pct": 1.457449229099671,
    "thawed": [
      "d2",
      "d3"
    ]
  },
  "G6_freeze_d2d3d4": {
    "mse": 0.23694562911987305,
    "mae": 0.40386551499366763,
    "psnr": 6.258959573864953,
    "ssim": 0.055520286858081816,
    "iou": 0.3622388398647308,
    "lpips": 0.7016582822799683,
    "vfae": 0.15521272897720337,
    "frozen_layers": [
      "e1",
      "e2",
      "e3",
      "e4",
      "e5",
      "d1",
      "d5",
      "d6"
    ],
    "trainable_pct": 1.2984130799319684,
    "thawed": [
      "d2",
      "d3",
      "d4"
    ]
  },
  "G7_FullFT": {
    "mse": 0.19971717417240142,
    "mae": 0.38289191246032717,
    "psnr": 6.997222088330858,
    "ssim": 0.06934361457824707,
    "iou": 0.3571689236164093,
    "lpips": 0.7488684964179992,
    "vfae": 0.13455178916454316,
    "frozen_layers": "none (all trainable)",
    "trainable_pct": 100.0
  }
}