{
  "test_mse": 0.014982077293097973,
  "r2": -3.4912948608398438,
  "top_dims": [
    [
      7,
      0.0018155972938984632
    ],
    [
      41,
      0.001805812120437622
    ],
    [
      31,
      0.0016967952251434326
    ],
    [
      20,
      0.0014785429229959846
    ],
    [
      75,
      0.0014377336483448744
    ],
    [
      42,
      0.0013422867050394416
    ],
    [
      79,
      0.0013390283565968275
    ],
    [
      70,
      0.0012782117119058967
    ],
    [
      22,
      0.0012459357967600226
    ],
    [
      35,
      0.0012361904373392463
    ]
  ]
}