{
  "Random-500ep": {
    "best_r": -0.3545077443122864,
    "top5_mean": 0.2882621794939041
  },
  "Physics-500ep": {
    "best_r": 0.30487510561943054,
    "top5_mean": 0.2535891532897949
  }
}