{
  "Pre-trained": {
    "mse": 0.4187661012013753,
    "mae": 0.5595668355623881,
    "psnr": 3.7972977852392553,
    "ssim": -0.007556264599164327,
    "iou": 0.19748879969120026,
    "lpips": 1.2007980942726135,
    "vfae": 0.17429015040397644
  },
  "Full FT": {
    "mse": 0.04577244818210602,
    "mae": 0.10379570970932643,
    "psnr": 13.418284181605566,
    "ssim": 0.28835975130399066,
    "iou": 0.826236347357432,
    "lpips": 0.6089104413986206,
    "vfae": 0.04566128055254618
  },
  "OSFT": {
    "mse": 0.30375704169273376,
    "mae": 0.47677605350812274,
    "psnr": 5.234122014717613,
    "ssim": 0.016590568392227095,
    "iou": 0.3952663342158,
    "lpips": 0.6083074112733206,
    "vfae": 0.30696500341097516
  }
}