{
  "Pre-trained (300ep)": {
    "mse": 0.33201184648054616,
    "mae": 0.3555707412737387,
    "psnr": 4.792802170429398,
    "ssim": 0.283315932309186,
    "iou": 0.4275155917361931,
    "lpips": 1.5281201821786385,
    "vfae": 0.018480723171874328
  },
  "Full FT": {
    "mse": 0.3237683243221707,
    "mae": 0.35180066249988695,
    "psnr": 4.899741343153368,
    "ssim": 0.2735048113045869,
    "iou": 0.41331109073426986,
    "lpips": 1.5365796000869185,
    "vfae": 0.04179583627868582
  },
  "OSFT": {
    "mse": 0.3254646956920624,
    "mae": 0.35269924225630583,
    "psnr": 4.877782567244491,
    "ssim": 0.29558469189537895,
    "iou": 0.41482516792085433,
    "lpips": 1.3626694855866608,
    "vfae": 0.0358468931582239
  },
  "Adapter": {
    "mse": 0.30800384945339626,
    "mae": 0.33175463257012544,
    "psnr": 5.118141750856666,
    "ssim": 0.3267787650779442,
    "iou": 0.4415737743730898,
    "lpips": 1.3837886783811781,
    "vfae": 0.032252518115220244
  }
}