{
  "Pre-trained": {
    "mse": 0.24806283950805663,
    "mae": 0.4101854729652405,
    "psnr": 6.060394739119476,
    "ssim": 0.05428048640489578,
    "iou": 0.3564993596076965,
    "lpips": 0.742782621383667,
    "vfae": 0.15922865390777588,
    "trainable_pct": 100.0,
    "total_params": 79281665
  },
  "Full FT (qs, 30ep)": {
    "mse": 0.2324582505226135,
    "mae": 0.40144859075546263,
    "psnr": 6.342166706816961,
    "ssim": 0.056708862334489823,
    "iou": 0.36580475091934206,
    "lpips": 1.033320231437683,
    "vfae": 0.1539728444814682,
    "trainable_pct": 100.0,
    "total_params": 79281665
  },
  "OSFT (qs, 20ep)": {
    "mse": 0.16226372361183167,
    "mae": 0.3662491190433502,
    "psnr": 7.898717047461377,
    "ssim": 0.08762338325381279,
    "iou": 0.3880331540107727,
    "lpips": 0.46402893543243406,
    "vfae": 0.13717351734638214,
    "trainable_pct": 100.0,
    "total_params": 79281665
  },
  "Full FT (E1 S0, 50ep)": {
    "mse": 0.22546494603157044,
    "mae": 0.3971178793907166,
    "psnr": 6.469504993009283,
    "ssim": 0.050598969161510465,
    "iou": 0.40601472854614257,
    "lpips": 0.47121089458465576,
    "vfae": 0.13671482980251312,
    "trainable_pct": 100.0,
    "total_params": 79281665
  },
  "Full FT (overnight, 71/200ep)": {
    "mse": 0.19327286064624785,
    "mae": 0.3812583363056183,
    "psnr": 7.138357369584878,
    "ssim": 0.06081616491079331,
    "iou": 0.30736850619316103,
    "lpips": 0.8931231665611267,
    "vfae": 0.13443136751651763,
    "trainable_pct": 100.0,
    "total_params": 79281665
  }
}