{
  "Pre-trained (real)": {
    "mse": 0.3424153901912548,
    "mae": 0.3775395221180386,
    "psnr": 4.655514730918405,
    "ssim": 0.10331720582864902,
    "iou": 0.35868428150812787,
    "lpips": 1.768804461867721,
    "vfae": 0.08850897958985081,
    "trainable_pct": 0.0
  },
  "Full FT": {
    "mse": 0.3062129815419515,
    "mae": 0.3443661453547301,
    "psnr": 5.14083556657969,
    "ssim": 0.2859164664038905,
    "iou": 0.4019418413992281,
    "lpips": 1.2795710210446958,
    "vfae": 0.08847514070846417,
    "trainable_pct": 100.0
  },
  "Adapter": {
    "mse": 0.3321290104477494,
    "mae": 0.36700490006694086,
    "psnr": 4.787156875770976,
    "ssim": 0.18666206576206065,
    "iou": 0.3460515836874644,
    "lpips": 1.6331067615085177,
    "vfae": 0.13061860314121954,
    "trainable_pct": 1.374691366459714
  },
  "OSFT": {
    "mse": 0.34985882264596446,
    "mae": 0.399828823628249,
    "psnr": 4.562877103926603,
    "ssim": 0.09545782815527033,
    "iou": 0.26644134190347457,
    "lpips": 1.7858143294299091,
    "vfae": 0.20620905580344023,
    "trainable_pct": 3.0408576766800683
  }
}